-- MySQL dump 10.13  Distrib 5.5.44, for debian-linux-gnu (i686)
--
-- Host: localhost    Database: chargenmarch
-- ------------------------------------------------------
-- Server version	5.5.44-0ubuntu0.14.04.1

/*!40101 SET @OLD_CHARACTER_SET_CLIENT=@@CHARACTER_SET_CLIENT */;
/*!40101 SET @OLD_CHARACTER_SET_RESULTS=@@CHARACTER_SET_RESULTS */;
/*!40101 SET @OLD_COLLATION_CONNECTION=@@COLLATION_CONNECTION */;
/*!40101 SET NAMES utf8 */;
/*!40103 SET @OLD_TIME_ZONE=@@TIME_ZONE */;
/*!40103 SET TIME_ZONE='+00:00' */;
/*!40014 SET @OLD_UNIQUE_CHECKS=@@UNIQUE_CHECKS, UNIQUE_CHECKS=0 */;
/*!40014 SET @OLD_FOREIGN_KEY_CHECKS=@@FOREIGN_KEY_CHECKS, FOREIGN_KEY_CHECKS=0 */;
/*!40101 SET @OLD_SQL_MODE=@@SQL_MODE, SQL_MODE='NO_AUTO_VALUE_ON_ZERO' */;
/*!40111 SET @OLD_SQL_NOTES=@@SQL_NOTES, SQL_NOTES=0 */;

--
-- Table structure for table `charger_details`
--

DROP TABLE IF EXISTS `charger_details`;
/*!40101 SET @saved_cs_client     = @@character_set_client */;
/*!40101 SET character_set_client = utf8 */;
CREATE TABLE `charger_details` (
  `id` int(11) NOT NULL AUTO_INCREMENT,
  `name` varchar(100) NOT NULL,
  `emailid` varchar(200) NOT NULL,
  `mobileno` varchar(20) NOT NULL,
  `registrationdate` timestamp NOT NULL DEFAULT CURRENT_TIMESTAMP ON UPDATE CURRENT_TIMESTAMP,
  `updatedate` timestamp NOT NULL DEFAULT '0000-00-00 00:00:00',
  `rechargecount` int(11) NOT NULL,
  `source` varchar(10) NOT NULL,
  PRIMARY KEY (`id`,`mobileno`)
) ENGINE=InnoDB AUTO_INCREMENT=2 DEFAULT CHARSET=latin1;
/*!40101 SET character_set_client = @saved_cs_client */;

--
-- Dumping data for table `charger_details`
--

LOCK TABLES `charger_details` WRITE;
/*!40000 ALTER TABLE `charger_details` DISABLE KEYS */;
INSERT INTO `charger_details` VALUES (1,'','mkcse41@gmail.com','9602646089','2015-10-17 09:59:50','2015-10-17 09:59:50',50,'WEB');
/*!40000 ALTER TABLE `charger_details` ENABLE KEYS */;
UNLOCK TABLES;

--
-- Table structure for table `mobile_plans`
--

DROP TABLE IF EXISTS `mobile_plans`;
/*!40101 SET @saved_cs_client     = @@character_set_client */;
/*!40101 SET character_set_client = utf8 */;
CREATE TABLE `mobile_plans` (
  `id` int(11) NOT NULL AUTO_INCREMENT,
  `operator_code` varchar(45) NOT NULL,
  `zone_code` varchar(45) NOT NULL,
  `amount` varchar(10) NOT NULL,
  `validity` text NOT NULL,
  `description` text NOT NULL,
  `type` text NOT NULL,
  `insertdate` timestamp NOT NULL DEFAULT CURRENT_TIMESTAMP ON UPDATE CURRENT_TIMESTAMP,
  PRIMARY KEY (`id`)
) ENGINE=InnoDB DEFAULT CHARSET=latin1;
/*!40101 SET character_set_client = @saved_cs_client */;

--
-- Dumping data for table `mobile_plans`
--

LOCK TABLES `mobile_plans` WRITE;
/*!40000 ALTER TABLE `mobile_plans` DISABLE KEYS */;
/*!40000 ALTER TABLE `mobile_plans` ENABLE KEYS */;
UNLOCK TABLES;

--
-- Table structure for table `payment_logs`
--

DROP TABLE IF EXISTS `payment_logs`;
/*!40101 SET @saved_cs_client     = @@character_set_client */;
/*!40101 SET character_set_client = utf8 */;
CREATE TABLE `payment_logs` (
  `id` int(11) NOT NULL AUTO_INCREMENT,
  `payment_orderId` varchar(20) DEFAULT NULL,
  `request` text,
  `response` text,
  `insertTimestamp` datetime NOT NULL,
  `updateTimestamp` datetime NOT NULL,
  PRIMARY KEY (`id`)
) ENGINE=InnoDB AUTO_INCREMENT=12 DEFAULT CHARSET=latin1;
/*!40101 SET character_set_client = @saved_cs_client */;

--
-- Dumping data for table `payment_logs`
--

LOCK TABLES `payment_logs` WRITE;
/*!40000 ALTER TABLE `payment_logs` DISABLE KEYS */;
INSERT INTO `payment_logs` VALUES (1,'22277898','{\"firstName\":\"Mukesh\",\"lastName\":\"Swami\",\"emailId\":\"swamigroup2015@gmail.com\",\"mobileno\":\"9602646089\",\"pinCode\":\"322023\",\"city\":\"Jaipur\",\"state\":\"Rajasthan\",\"address\":\"Govind bhawan\",\"productName\":\"CAM\",\"amount\":10.0,\"txnId\":\"22277898\",\"hash\":\"f956d69ac85f8739f898e7024d97d199f4da0235c97f1a886951d95860dbbac735f5ba49a476dd6a9657dbf9c3d35ed96f56665690475d045d76088b0e475dd8\",\"successUrl\":\"http://chargenmarch.com//payment/paymentResponse\",\"failureUrl\":\"http://chargenmarch.com//payment/paymentResponse\",\"cancelUrl\":\"http://chargenmarch.com//payment/paymentResponse\",\"errorStringList\":[],\"status\":\"PENDING\",\"productId\":1,\"pgType\":\"PayU\",\"paymentGateWayInfo\":{\"url\":\"https://test.payu.in/_payment\",\"merchantId\":\"gtKFFx\",\"salt\":\"eCwWELxi\"},\"discount\":0.0,\"orderId\":\"77898\",\"leadId\":0}',NULL,'2015-10-11 18:15:27','2015-10-11 18:15:27'),(2,'22277899','{\"firstName\":\"Mukesh\",\"lastName\":\"Swami\",\"emailId\":\"swamigroup2015@gmail.com\",\"mobileno\":\"9602646089\",\"pinCode\":\"322023\",\"city\":\"Jaipur\",\"state\":\"Rajasthan\",\"address\":\"Govind bhawan\",\"productName\":\"CAM\",\"amount\":10.0,\"txnId\":\"22277899\",\"hash\":\"8dc1b6155442ff65350896a81a0defb431cd7d16e5739022ad745cbbe1f646dcb1c3ebb891a01c1a054af2082c528d98fe6021a9a2dc0a21e1a57376c3f2647b\",\"successUrl\":\"http://localhost:8080/chargenmarch/payment/paymentResponse\",\"failureUrl\":\"http://localhost:8080/chargenmarch/payment/paymentResponse\",\"cancelUrl\":\"http://localhost:8080/chargenmarch/payment/paymentResponse\",\"errorStringList\":[],\"status\":\"PENDING\",\"productId\":1,\"pgType\":\"PayU\",\"paymentGateWayInfo\":{\"url\":\"https://test.payu.in/_payment\",\"merchantId\":\"gtKFFx\",\"salt\":\"eCwWELxi\"},\"discount\":0.0,\"orderId\":\"77899\",\"leadId\":0}','{\"firstName\":\"Mukesh\",\"lastName\":\"\",\"emailId\":\"swamigroup2015@gmail.com\",\"mobileno\":\"9602646089\",\"pinCode\":\"\",\"city\":\"\",\"state\":\"success\",\"address\":\"\",\"productName\":\"CAM\",\"amount\":10.0,\"txnId\":\"22277899\",\"hash\":\"69e7311838daffc1b8bd1a35902c675170179e3645ccc07d20a606aef3afca12883e0a0e4b5f64b9e8c1d7733458e5da6aca95d86fc0afe89867d8a2b7a6fc8d\",\"successUrl\":\"mobile/recharge\",\"failureUrl\":\"mobile/recharge\",\"cancelUrl\":\"mobile/recharge\",\"errorStringList\":[],\"status\":\"success\",\"productId\":1,\"pgType\":\"PayU\",\"productInfo\":{\"id\":1,\"productName\":\"CAM\",\"merchantId\":\"gtKFFx\",\"salt\":\"eCwWELxi\",\"paymentGateWay\":\"PayU\",\"surl\":\"mobile/recharge\",\"furl\":\"mobile/recharge\",\"curl\":\"mobile/recharge\",\"receiverEmailId\":\"mukesh.swami@gmail.com\",\"recipient\":\"mukes@gmail.com\",\"isSendMail\":\"false\",\"isRequiredResponse\":true,\"orderprefix\":\"222\",\"pgUrl\":\"https://test.payu.in/_payment\",\"paymentGateWayInfo\":{\"url\":\"https://test.payu.in/_payment\",\"merchantId\":\"gtKFFx\",\"salt\":\"eCwWELxi\"}},\"mihpayid\":\"403993715513674473\",\"mode\":\"CC\",\"Error\":\"E000\",\"bankcode\":\"CC\",\"PG_TYPE\":\"HDFCPG\",\"bank_ref_num\":\"2177482031952841\",\"shipping_firstname\":\"\",\"shipping_lastname\":\"\",\"shipping_address1\":\"\",\"shipping_address2\":\"\",\"shipping_city\":\"\",\"shipping_state\":\"\",\"shipping_country\":\"\",\"shipping_zipcode\":\"\",\"shipping_phone\":\"\",\"unmappedstatus\":\"captured\",\"discount\":0.0,\"offer\":\"\",\"responsejson\":\"{\\\"firstName\\\":\\\"Mukesh\\\",\\\"lastName\\\":\\\"\\\",\\\"emailId\\\":\\\"swamigroup2015@gmail.com\\\",\\\"mobileno\\\":\\\"9602646089\\\",\\\"pinCode\\\":\\\"\\\",\\\"city\\\":\\\"\\\",\\\"state\\\":\\\"success\\\",\\\"address\\\":\\\"\\\",\\\"productName\\\":\\\"CAM\\\",\\\"amount\\\":10.0,\\\"txnId\\\":\\\"22277899\\\",\\\"hash\\\":\\\"69e7311838daffc1b8bd1a35902c675170179e3645ccc07d20a606aef3afca12883e0a0e4b5f64b9e8c1d7733458e5da6aca95d86fc0afe89867d8a2b7a6fc8d\\\",\\\"errorStringList\\\":[],\\\"status\\\":\\\"success\\\",\\\"productId\\\":0,\\\"pgType\\\":\\\"PayU\\\",\\\"mihpayid\\\":\\\"403993715513674473\\\",\\\"mode\\\":\\\"CC\\\",\\\"Error\\\":\\\"E000\\\",\\\"bankcode\\\":\\\"CC\\\",\\\"PG_TYPE\\\":\\\"HDFCPG\\\",\\\"bank_ref_num\\\":\\\"2177482031952841\\\",\\\"shipping_firstname\\\":\\\"\\\",\\\"shipping_lastname\\\":\\\"\\\",\\\"shipping_address1\\\":\\\"\\\",\\\"shipping_address2\\\":\\\"\\\",\\\"shipping_city\\\":\\\"\\\",\\\"shipping_state\\\":\\\"\\\",\\\"shipping_country\\\":\\\"\\\",\\\"shipping_zipcode\\\":\\\"\\\",\\\"shipping_phone\\\":\\\"\\\",\\\"unmappedstatus\\\":\\\"captured\\\",\\\"discount\\\":0.0,\\\"offer\\\":\\\"\\\",\\\"leadId\\\":0}\",\"orderId\":\"77899\",\"leadId\":0}','2015-10-11 19:02:36','2015-10-11 19:03:25'),(3,'22277900','{\"firstName\":\"Mukesh\",\"lastName\":\"Swami\",\"emailId\":\"swamigroup2015@gmail.com\",\"mobileno\":\"9602646089\",\"pinCode\":\"322023\",\"city\":\"Jaipur\",\"state\":\"Rajasthan\",\"address\":\"Govind bhawan\",\"productName\":\"CAM\",\"amount\":10.0,\"txnId\":\"22277900\",\"hash\":\"50413e7e34d652024985526377b6b51772b3616fcafd1421d999aa898dc6c412c64b4886cdfbd188200cf46ee83be47e7209eb83f513ddc7e76d6ec372a6953b\",\"successUrl\":\"http://localhost:8080/chargenmarch/payment/paymentResponse\",\"failureUrl\":\"http://localhost:8080/chargenmarch/payment/paymentResponse\",\"cancelUrl\":\"http://localhost:8080/chargenmarch/payment/paymentResponse\",\"errorStringList\":[],\"status\":\"PENDING\",\"productId\":1,\"pgType\":\"PayU\",\"paymentGateWayInfo\":{\"url\":\"https://test.payu.in/_payment\",\"merchantId\":\"gtKFFx\",\"salt\":\"eCwWELxi\"},\"discount\":0.0,\"orderId\":\"77900\",\"leadId\":0}','{\"firstName\":\"Mukesh\",\"lastName\":\"\",\"emailId\":\"swamigroup2015@gmail.com\",\"mobileno\":\"9602646089\",\"pinCode\":\"\",\"city\":\"\",\"state\":\"success\",\"address\":\"\",\"productName\":\"CAM\",\"amount\":10.0,\"txnId\":\"22277900\",\"hash\":\"a50cdb6ce2a2f596bbbaff6939cc53522a4bea2ffbdb80d83ea69937848d6b16bb11b553dc4d129d50f4680d50411882663844426b5e2eb05a2a5f17dcebd87a\",\"successUrl\":\"mobile/recharge\",\"failureUrl\":\"mobile/recharge\",\"cancelUrl\":\"mobile/recharge\",\"errorStringList\":[],\"status\":\"success\",\"productId\":1,\"pgType\":\"PayU\",\"productInfo\":{\"id\":1,\"productName\":\"CAM\",\"merchantId\":\"gtKFFx\",\"salt\":\"eCwWELxi\",\"paymentGateWay\":\"PayU\",\"surl\":\"mobile/recharge\",\"furl\":\"mobile/recharge\",\"curl\":\"mobile/recharge\",\"receiverEmailId\":\"mukesh.swami@gmail.com\",\"recipient\":\"mukes@gmail.com\",\"isSendMail\":\"false\",\"isRequiredResponse\":true,\"orderprefix\":\"222\",\"pgUrl\":\"https://test.payu.in/_payment\",\"paymentGateWayInfo\":{\"url\":\"https://test.payu.in/_payment\",\"merchantId\":\"gtKFFx\",\"salt\":\"eCwWELxi\"}},\"mihpayid\":\"403993715513674479\",\"mode\":\"CC\",\"Error\":\"E000\",\"bankcode\":\"CC\",\"PG_TYPE\":\"HDFCPG\",\"bank_ref_num\":\"9772397131952841\",\"shipping_firstname\":\"\",\"shipping_lastname\":\"\",\"shipping_address1\":\"\",\"shipping_address2\":\"\",\"shipping_city\":\"\",\"shipping_state\":\"\",\"shipping_country\":\"\",\"shipping_zipcode\":\"\",\"shipping_phone\":\"\",\"unmappedstatus\":\"captured\",\"discount\":0.0,\"offer\":\"\",\"responsejson\":\"{\\\"firstName\\\":\\\"Mukesh\\\",\\\"lastName\\\":\\\"\\\",\\\"emailId\\\":\\\"swamigroup2015@gmail.com\\\",\\\"mobileno\\\":\\\"9602646089\\\",\\\"pinCode\\\":\\\"\\\",\\\"city\\\":\\\"\\\",\\\"state\\\":\\\"success\\\",\\\"address\\\":\\\"\\\",\\\"productName\\\":\\\"CAM\\\",\\\"amount\\\":10.0,\\\"txnId\\\":\\\"22277900\\\",\\\"hash\\\":\\\"a50cdb6ce2a2f596bbbaff6939cc53522a4bea2ffbdb80d83ea69937848d6b16bb11b553dc4d129d50f4680d50411882663844426b5e2eb05a2a5f17dcebd87a\\\",\\\"errorStringList\\\":[],\\\"status\\\":\\\"success\\\",\\\"productId\\\":0,\\\"pgType\\\":\\\"PayU\\\",\\\"mihpayid\\\":\\\"403993715513674479\\\",\\\"mode\\\":\\\"CC\\\",\\\"Error\\\":\\\"E000\\\",\\\"bankcode\\\":\\\"CC\\\",\\\"PG_TYPE\\\":\\\"HDFCPG\\\",\\\"bank_ref_num\\\":\\\"9772397131952841\\\",\\\"shipping_firstname\\\":\\\"\\\",\\\"shipping_lastname\\\":\\\"\\\",\\\"shipping_address1\\\":\\\"\\\",\\\"shipping_address2\\\":\\\"\\\",\\\"shipping_city\\\":\\\"\\\",\\\"shipping_state\\\":\\\"\\\",\\\"shipping_country\\\":\\\"\\\",\\\"shipping_zipcode\\\":\\\"\\\",\\\"shipping_phone\\\":\\\"\\\",\\\"unmappedstatus\\\":\\\"captured\\\",\\\"discount\\\":0.0,\\\"offer\\\":\\\"\\\",\\\"leadId\\\":0}\",\"orderId\":\"77900\",\"leadId\":0}','2015-10-11 19:12:58','2015-10-11 19:14:06'),(4,'22277901','{\"firstName\":\"Mukesh\",\"lastName\":\"Swami\",\"emailId\":\"swamigroup2015@gmail.com\",\"mobileno\":\"9602646089\",\"pinCode\":\"322023\",\"city\":\"Jaipur\",\"state\":\"Rajasthan\",\"address\":\"Govind bhawan\",\"productName\":\"CAM\",\"amount\":10.0,\"txnId\":\"22277901\",\"hash\":\"9f621b6c35b4391b16f94287775555e56c0b5be49f969dcd0785db5f73002312a1a133cf253a1715b971a5627a798ed0bd259d361ab1f0a62fc93d7b41d07df6\",\"successUrl\":\"http://localhost:8080/chargenmarch/payment/paymentResponse\",\"failureUrl\":\"http://localhost:8080/chargenmarch/payment/paymentResponse\",\"cancelUrl\":\"http://localhost:8080/chargenmarch/payment/paymentResponse\",\"errorStringList\":[],\"status\":\"PENDING\",\"productId\":1,\"pgType\":\"PayU\",\"paymentGateWayInfo\":{\"url\":\"https://test.payu.in/_payment\",\"merchantId\":\"gtKFFx\",\"salt\":\"eCwWELxi\"},\"discount\":0.0,\"orderId\":\"77901\",\"leadId\":0}','{\"firstName\":\"Mukesh\",\"lastName\":\"\",\"emailId\":\"swamigroup2015@gmail.com\",\"mobileno\":\"9602646089\",\"pinCode\":\"\",\"city\":\"\",\"state\":\"success\",\"address\":\"\",\"productName\":\"CAM\",\"amount\":10.0,\"txnId\":\"22277901\",\"hash\":\"f0f8d6bf266114ca6a421224e4df6281a6388cb729f0e290bffd60769d85a715ce5e3d8452a8c79da3fb4523a5b48d3e50294a369068daa0e00a0bc028514570\",\"successUrl\":\"mobile/recharge\",\"failureUrl\":\"mobile/recharge\",\"cancelUrl\":\"mobile/recharge\",\"errorStringList\":[],\"status\":\"success\",\"productId\":1,\"pgType\":\"PayU\",\"productInfo\":{\"id\":1,\"productName\":\"CAM\",\"merchantId\":\"gtKFFx\",\"salt\":\"eCwWELxi\",\"paymentGateWay\":\"PayU\",\"surl\":\"mobile/recharge\",\"furl\":\"mobile/recharge\",\"curl\":\"mobile/recharge\",\"receiverEmailId\":\"mukesh.swami@gmail.com\",\"recipient\":\"mukes@gmail.com\",\"isSendMail\":\"false\",\"isRequiredResponse\":true,\"orderprefix\":\"222\",\"pgUrl\":\"https://test.payu.in/_payment\",\"paymentGateWayInfo\":{\"url\":\"https://test.payu.in/_payment\",\"merchantId\":\"gtKFFx\",\"salt\":\"eCwWELxi\"}},\"mihpayid\":\"403993715513674481\",\"mode\":\"CC\",\"Error\":\"E000\",\"bankcode\":\"CC\",\"PG_TYPE\":\"HDFCPG\",\"bank_ref_num\":\"4186798181952841\",\"shipping_firstname\":\"\",\"shipping_lastname\":\"\",\"shipping_address1\":\"\",\"shipping_address2\":\"\",\"shipping_city\":\"\",\"shipping_state\":\"\",\"shipping_country\":\"\",\"shipping_zipcode\":\"\",\"shipping_phone\":\"\",\"unmappedstatus\":\"captured\",\"discount\":0.0,\"offer\":\"\",\"responsejson\":\"{\\\"firstName\\\":\\\"Mukesh\\\",\\\"lastName\\\":\\\"\\\",\\\"emailId\\\":\\\"swamigroup2015@gmail.com\\\",\\\"mobileno\\\":\\\"9602646089\\\",\\\"pinCode\\\":\\\"\\\",\\\"city\\\":\\\"\\\",\\\"state\\\":\\\"success\\\",\\\"address\\\":\\\"\\\",\\\"productName\\\":\\\"CAM\\\",\\\"amount\\\":10.0,\\\"txnId\\\":\\\"22277901\\\",\\\"hash\\\":\\\"f0f8d6bf266114ca6a421224e4df6281a6388cb729f0e290bffd60769d85a715ce5e3d8452a8c79da3fb4523a5b48d3e50294a369068daa0e00a0bc028514570\\\",\\\"errorStringList\\\":[],\\\"status\\\":\\\"success\\\",\\\"productId\\\":0,\\\"pgType\\\":\\\"PayU\\\",\\\"mihpayid\\\":\\\"403993715513674481\\\",\\\"mode\\\":\\\"CC\\\",\\\"Error\\\":\\\"E000\\\",\\\"bankcode\\\":\\\"CC\\\",\\\"PG_TYPE\\\":\\\"HDFCPG\\\",\\\"bank_ref_num\\\":\\\"4186798181952841\\\",\\\"shipping_firstname\\\":\\\"\\\",\\\"shipping_lastname\\\":\\\"\\\",\\\"shipping_address1\\\":\\\"\\\",\\\"shipping_address2\\\":\\\"\\\",\\\"shipping_city\\\":\\\"\\\",\\\"shipping_state\\\":\\\"\\\",\\\"shipping_country\\\":\\\"\\\",\\\"shipping_zipcode\\\":\\\"\\\",\\\"shipping_phone\\\":\\\"\\\",\\\"unmappedstatus\\\":\\\"captured\\\",\\\"discount\\\":0.0,\\\"offer\\\":\\\"\\\",\\\"leadId\\\":0}\",\"orderId\":\"77901\",\"leadId\":0}','2015-10-11 19:17:30','2015-10-11 19:18:34'),(5,'22277902','{\"firstName\":\"Mukesh\",\"lastName\":\"Swami\",\"emailId\":\"swamigroup2015@gmail.com\",\"mobileno\":\"9602646089\",\"pinCode\":\"322023\",\"city\":\"Jaipur\",\"state\":\"Rajasthan\",\"address\":\"Govind bhawan\",\"productName\":\"CAM\",\"amount\":10.0,\"txnId\":\"22277902\",\"hash\":\"1023057c2068dc6fc399f68fd7dc605e34a27428990c93cb0f2ea271e0edcf23243470d219d942e37445b8468e08a36f186facfda717d05dbe920a0187c20de6\",\"successUrl\":\"http://localhost:8080/chargenmarch/payment/paymentResponse\",\"failureUrl\":\"http://localhost:8080/chargenmarch/payment/paymentResponse\",\"cancelUrl\":\"http://localhost:8080/chargenmarch/payment/paymentResponse\",\"errorStringList\":[],\"status\":\"PENDING\",\"productId\":1,\"pgType\":\"PayU\",\"paymentGateWayInfo\":{\"url\":\"https://test.payu.in/_payment\",\"merchantId\":\"gtKFFx\",\"salt\":\"eCwWELxi\"},\"discount\":0.0,\"orderId\":\"77902\",\"leadId\":0}','{\"firstName\":\"Mukesh\",\"lastName\":\"\",\"emailId\":\"swamigroup2015@gmail.com\",\"mobileno\":\"9602646089\",\"pinCode\":\"\",\"city\":\"\",\"state\":\"success\",\"address\":\"\",\"productName\":\"CAM\",\"amount\":10.0,\"txnId\":\"22277902\",\"hash\":\"5945f23a3de162bef20f223407faa96f3d32a808d9598ea5749f812361001a2f411bd89307c1be3c4cfc3ee52b740fb5a6513216c5600f2ac17f38b97da8e591\",\"successUrl\":\"mobile/recharge\",\"failureUrl\":\"mobile/recharge\",\"cancelUrl\":\"mobile/recharge\",\"errorStringList\":[],\"status\":\"success\",\"productId\":1,\"pgType\":\"PayU\",\"productInfo\":{\"id\":1,\"productName\":\"CAM\",\"merchantId\":\"gtKFFx\",\"salt\":\"eCwWELxi\",\"paymentGateWay\":\"PayU\",\"surl\":\"mobile/recharge\",\"furl\":\"mobile/recharge\",\"curl\":\"mobile/recharge\",\"receiverEmailId\":\"mukesh.swami@gmail.com\",\"recipient\":\"mukes@gmail.com\",\"isSendMail\":\"false\",\"isRequiredResponse\":true,\"orderprefix\":\"222\",\"pgUrl\":\"https://test.payu.in/_payment\",\"paymentGateWayInfo\":{\"url\":\"https://test.payu.in/_payment\",\"merchantId\":\"gtKFFx\",\"salt\":\"eCwWELxi\"}},\"mihpayid\":\"403993715513674488\",\"mode\":\"CC\",\"Error\":\"E000\",\"bankcode\":\"CC\",\"PG_TYPE\":\"HDFCPG\",\"bank_ref_num\":\"3807211301952841\",\"shipping_firstname\":\"\",\"shipping_lastname\":\"\",\"shipping_address1\":\"\",\"shipping_address2\":\"\",\"shipping_city\":\"\",\"shipping_state\":\"\",\"shipping_country\":\"\",\"shipping_zipcode\":\"\",\"shipping_phone\":\"\",\"unmappedstatus\":\"captured\",\"discount\":0.0,\"offer\":\"\",\"responsejson\":\"{\\\"firstName\\\":\\\"Mukesh\\\",\\\"lastName\\\":\\\"\\\",\\\"emailId\\\":\\\"swamigroup2015@gmail.com\\\",\\\"mobileno\\\":\\\"9602646089\\\",\\\"pinCode\\\":\\\"\\\",\\\"city\\\":\\\"\\\",\\\"state\\\":\\\"success\\\",\\\"address\\\":\\\"\\\",\\\"productName\\\":\\\"CAM\\\",\\\"amount\\\":10.0,\\\"txnId\\\":\\\"22277902\\\",\\\"hash\\\":\\\"5945f23a3de162bef20f223407faa96f3d32a808d9598ea5749f812361001a2f411bd89307c1be3c4cfc3ee52b740fb5a6513216c5600f2ac17f38b97da8e591\\\",\\\"errorStringList\\\":[],\\\"status\\\":\\\"success\\\",\\\"productId\\\":0,\\\"pgType\\\":\\\"PayU\\\",\\\"mihpayid\\\":\\\"403993715513674488\\\",\\\"mode\\\":\\\"CC\\\",\\\"Error\\\":\\\"E000\\\",\\\"bankcode\\\":\\\"CC\\\",\\\"PG_TYPE\\\":\\\"HDFCPG\\\",\\\"bank_ref_num\\\":\\\"3807211301952841\\\",\\\"shipping_firstname\\\":\\\"\\\",\\\"shipping_lastname\\\":\\\"\\\",\\\"shipping_address1\\\":\\\"\\\",\\\"shipping_address2\\\":\\\"\\\",\\\"shipping_city\\\":\\\"\\\",\\\"shipping_state\\\":\\\"\\\",\\\"shipping_country\\\":\\\"\\\",\\\"shipping_zipcode\\\":\\\"\\\",\\\"shipping_phone\\\":\\\"\\\",\\\"unmappedstatus\\\":\\\"captured\\\",\\\"discount\\\":0.0,\\\"offer\\\":\\\"\\\",\\\"leadId\\\":0}\",\"orderId\":\"77902\",\"leadId\":0}','2015-10-11 19:29:05','2015-10-11 19:30:35'),(6,'22277903','{\"firstName\":\"Mukesh\",\"lastName\":\"Swami\",\"emailId\":\"swamigroup2015@gmail.com\",\"mobileno\":\"9602646089\",\"pinCode\":\"322023\",\"city\":\"Jaipur\",\"state\":\"Rajasthan\",\"address\":\"Govind bhawan\",\"productName\":\"CAM\",\"amount\":10.0,\"txnId\":\"22277903\",\"hash\":\"89fdafd8633fd9fdcd825dde6ef53c2f6ea2e4efdfbe4b29c0b63f333f608972859e8647ec1c5d1bbca0d09f082e9c0e9e03acb485dd844e38b30315076b3bce\",\"successUrl\":\"http://localhost:8080/chargenmarch/payment/paymentResponse\",\"failureUrl\":\"http://localhost:8080/chargenmarch/payment/paymentResponse\",\"cancelUrl\":\"http://localhost:8080/chargenmarch/payment/paymentResponse\",\"errorStringList\":[],\"status\":\"PENDING\",\"productId\":1,\"pgType\":\"PayU\",\"paymentGateWayInfo\":{\"url\":\"https://test.payu.in/_payment\",\"merchantId\":\"gtKFFx\",\"salt\":\"eCwWELxi\"},\"discount\":0.0,\"orderId\":\"77903\",\"leadId\":0}','{\"firstName\":\"Mukesh\",\"lastName\":\"\",\"emailId\":\"swamigroup2015@gmail.com\",\"mobileno\":\"9602646089\",\"pinCode\":\"\",\"city\":\"\",\"state\":\"success\",\"address\":\"\",\"productName\":\"CAM\",\"amount\":10.0,\"txnId\":\"22277903\",\"hash\":\"76f8ac1f410f560faddd2c059d2ae3e0617bcdf61917bdd08319b4260dea7e2d9e6abf8a274af9a91ed238417ddd06f91128eb54440e077cbe41f3df57367db5\",\"successUrl\":\"http://localhost:8080/chargenmarch/mobile/recharge\",\"failureUrl\":\"http://localhost:8080/chargenmarch/mobile/recharge\",\"cancelUrl\":\"http://localhost:8080/chargenmarch/mobile/recharge\",\"errorStringList\":[],\"status\":\"success\",\"productId\":1,\"pgType\":\"PayU\",\"productInfo\":{\"id\":1,\"productName\":\"CAM\",\"merchantId\":\"gtKFFx\",\"salt\":\"eCwWELxi\",\"paymentGateWay\":\"PayU\",\"surl\":\"mobile/recharge\",\"furl\":\"mobile/recharge\",\"curl\":\"mobile/recharge\",\"receiverEmailId\":\"mukesh.swami@gmail.com\",\"recipient\":\"mukes@gmail.com\",\"isSendMail\":\"false\",\"isRequiredResponse\":true,\"orderprefix\":\"222\",\"pgUrl\":\"https://test.payu.in/_payment\",\"paymentGateWayInfo\":{\"url\":\"https://test.payu.in/_payment\",\"merchantId\":\"gtKFFx\",\"salt\":\"eCwWELxi\"}},\"mihpayid\":\"403993715513674603\",\"mode\":\"CC\",\"Error\":\"E000\",\"bankcode\":\"CC\",\"PG_TYPE\":\"HDFCPG\",\"bank_ref_num\":\"2031480462252841\",\"shipping_firstname\":\"\",\"shipping_lastname\":\"\",\"shipping_address1\":\"\",\"shipping_address2\":\"\",\"shipping_city\":\"\",\"shipping_state\":\"\",\"shipping_country\":\"\",\"shipping_zipcode\":\"\",\"shipping_phone\":\"\",\"unmappedstatus\":\"captured\",\"discount\":0.0,\"offer\":\"\",\"responsejson\":\"{\\\"firstName\\\":\\\"Mukesh\\\",\\\"lastName\\\":\\\"\\\",\\\"emailId\\\":\\\"swamigroup2015@gmail.com\\\",\\\"mobileno\\\":\\\"9602646089\\\",\\\"pinCode\\\":\\\"\\\",\\\"city\\\":\\\"\\\",\\\"state\\\":\\\"success\\\",\\\"address\\\":\\\"\\\",\\\"productName\\\":\\\"CAM\\\",\\\"amount\\\":10.0,\\\"txnId\\\":\\\"22277903\\\",\\\"hash\\\":\\\"76f8ac1f410f560faddd2c059d2ae3e0617bcdf61917bdd08319b4260dea7e2d9e6abf8a274af9a91ed238417ddd06f91128eb54440e077cbe41f3df57367db5\\\",\\\"errorStringList\\\":[],\\\"status\\\":\\\"success\\\",\\\"productId\\\":0,\\\"pgType\\\":\\\"PayU\\\",\\\"mihpayid\\\":\\\"403993715513674603\\\",\\\"mode\\\":\\\"CC\\\",\\\"Error\\\":\\\"E000\\\",\\\"bankcode\\\":\\\"CC\\\",\\\"PG_TYPE\\\":\\\"HDFCPG\\\",\\\"bank_ref_num\\\":\\\"2031480462252841\\\",\\\"shipping_firstname\\\":\\\"\\\",\\\"shipping_lastname\\\":\\\"\\\",\\\"shipping_address1\\\":\\\"\\\",\\\"shipping_address2\\\":\\\"\\\",\\\"shipping_city\\\":\\\"\\\",\\\"shipping_state\\\":\\\"\\\",\\\"shipping_country\\\":\\\"\\\",\\\"shipping_zipcode\\\":\\\"\\\",\\\"shipping_phone\\\":\\\"\\\",\\\"unmappedstatus\\\":\\\"captured\\\",\\\"discount\\\":0.0,\\\"offer\\\":\\\"\\\",\\\"leadId\\\":0}\",\"orderId\":\"77903\",\"leadId\":0}','2015-10-11 22:45:44','2015-10-11 22:46:36'),(7,'CAM0','{\"firstName\":\"Mukesh\",\"lastName\":\"Swami\",\"emailId\":\"swamigroup2015@gmail.com\",\"mobileno\":\"9602646089\",\"pinCode\":\"322023\",\"city\":\"Jaipur\",\"state\":\"Rajasthan\",\"address\":\"Govind bhawan\",\"productName\":\"chargenmarch\",\"amount\":10.0,\"txnId\":\"CAM0\",\"hash\":\"3e1ecfce8b12ed4359493a1839680b82bc1fdca28a751e2d353f722c08214fe22aceacd9de58a69321a0667e2015fbb26d619d6ee085f8fe71c984d4e35f2bdc\",\"successUrl\":\"http://localhost:8080/chargenmarch/payment/paymentResponse\",\"failureUrl\":\"http://localhost:8080/chargenmarch/payment/paymentResponse\",\"cancelUrl\":\"http://localhost:8080/chargenmarch/payment/paymentResponse\",\"errorStringList\":[],\"status\":\"PENDING\",\"productId\":2,\"pgType\":\"PayU\",\"paymentGateWayInfo\":{\"url\":\"https://secure.payu.in/_payment\",\"merchantId\":\"qEkoZO\",\"salt\":\"P9kxH4Jb\"},\"discount\":0.0,\"orderId\":\"0\",\"leadId\":0}',NULL,'2015-10-11 22:57:59','2015-10-11 22:57:59'),(8,'22277904','{\"firstName\":\"Mukesh\",\"lastName\":\"Swami\",\"emailId\":\"swamigroup2015@gmail.com\",\"mobileno\":\"9602646089\",\"pinCode\":\"322023\",\"city\":\"Jaipur\",\"state\":\"Rajasthan\",\"address\":\"Govind bhawan\",\"productName\":\"CAM\",\"amount\":10.0,\"txnId\":\"22277904\",\"hash\":\"e1f79ecb45779ff6549ad947517baf89c56ebff49ca6ab36abba12f12e5804d679b8fc2a04c0a17face2c3eef85c558a45c7a1af76b17b4fb0372101c6f98e7d\",\"successUrl\":\"http://localhost:8080/chargenmarch/payment/paymentResponse\",\"failureUrl\":\"http://localhost:8080/chargenmarch/payment/paymentResponse\",\"cancelUrl\":\"http://localhost:8080/chargenmarch/payment/paymentResponse\",\"errorStringList\":[],\"status\":\"PENDING\",\"productId\":1,\"pgType\":\"PayU\",\"paymentGateWayInfo\":{\"url\":\"https://test.payu.in/_payment\",\"merchantId\":\"gtKFFx\",\"salt\":\"eCwWELxi\"},\"discount\":0.0,\"orderId\":\"77904\",\"leadId\":0}','{\"firstName\":\"Mukesh\",\"lastName\":\"\",\"emailId\":\"swamigroup2015@gmail.com\",\"mobileno\":\"9602646089\",\"pinCode\":\"\",\"city\":\"\",\"state\":\"success\",\"address\":\"\",\"productName\":\"CAM\",\"amount\":10.0,\"txnId\":\"22277904\",\"hash\":\"d15d9907d979e742de49d60b2ec51b17aef06dc9046c4995e084e4ad75b15053f3be53e64006e51fe23adc8cafc9adbaa0b4e94ea80e00a8d9807cb686cf7c3c\",\"successUrl\":\"mobile/recharge\",\"failureUrl\":\"mobile/recharge\",\"cancelUrl\":\"mobile/recharge\",\"errorStringList\":[],\"status\":\"success\",\"productId\":1,\"pgType\":\"PayU\",\"productInfo\":{\"id\":1,\"productName\":\"CAM\",\"merchantId\":\"gtKFFx\",\"salt\":\"eCwWELxi\",\"paymentGateWay\":\"PayU\",\"surl\":\"mobile/recharge\",\"furl\":\"mobile/recharge\",\"curl\":\"mobile/recharge\",\"receiverEmailId\":\"mukesh.swami@gmail.com\",\"recipient\":\"mukes@gmail.com\",\"isSendMail\":\"false\",\"isRequiredResponse\":true,\"orderprefix\":\"222\",\"pgUrl\":\"https://test.payu.in/_payment\",\"paymentGateWayInfo\":{\"url\":\"https://test.payu.in/_payment\",\"merchantId\":\"gtKFFx\",\"salt\":\"eCwWELxi\"}},\"mihpayid\":\"403993715513674673\",\"mode\":\"CC\",\"Error\":\"E000\",\"bankcode\":\"CC\",\"PG_TYPE\":\"HDFCPG\",\"bank_ref_num\":\"1154281430052851\",\"shipping_firstname\":\"\",\"shipping_lastname\":\"\",\"shipping_address1\":\"\",\"shipping_address2\":\"\",\"shipping_city\":\"\",\"shipping_state\":\"\",\"shipping_country\":\"\",\"shipping_zipcode\":\"\",\"shipping_phone\":\"\",\"unmappedstatus\":\"captured\",\"discount\":0.0,\"offer\":\"\",\"responsejson\":\"{\\\"firstName\\\":\\\"Mukesh\\\",\\\"lastName\\\":\\\"\\\",\\\"emailId\\\":\\\"swamigroup2015@gmail.com\\\",\\\"mobileno\\\":\\\"9602646089\\\",\\\"pinCode\\\":\\\"\\\",\\\"city\\\":\\\"\\\",\\\"state\\\":\\\"success\\\",\\\"address\\\":\\\"\\\",\\\"productName\\\":\\\"CAM\\\",\\\"amount\\\":10.0,\\\"txnId\\\":\\\"22277904\\\",\\\"hash\\\":\\\"d15d9907d979e742de49d60b2ec51b17aef06dc9046c4995e084e4ad75b15053f3be53e64006e51fe23adc8cafc9adbaa0b4e94ea80e00a8d9807cb686cf7c3c\\\",\\\"errorStringList\\\":[],\\\"status\\\":\\\"success\\\",\\\"productId\\\":0,\\\"pgType\\\":\\\"PayU\\\",\\\"mihpayid\\\":\\\"403993715513674673\\\",\\\"mode\\\":\\\"CC\\\",\\\"Error\\\":\\\"E000\\\",\\\"bankcode\\\":\\\"CC\\\",\\\"PG_TYPE\\\":\\\"HDFCPG\\\",\\\"bank_ref_num\\\":\\\"1154281430052851\\\",\\\"shipping_firstname\\\":\\\"\\\",\\\"shipping_lastname\\\":\\\"\\\",\\\"shipping_address1\\\":\\\"\\\",\\\"shipping_address2\\\":\\\"\\\",\\\"shipping_city\\\":\\\"\\\",\\\"shipping_state\\\":\\\"\\\",\\\"shipping_country\\\":\\\"\\\",\\\"shipping_zipcode\\\":\\\"\\\",\\\"shipping_phone\\\":\\\"\\\",\\\"unmappedstatus\\\":\\\"captured\\\",\\\"discount\\\":0.0,\\\"offer\\\":\\\"\\\",\\\"leadId\\\":0}\",\"orderId\":\"77904\",\"leadId\":0}','2015-10-12 00:42:38','2015-10-12 00:43:38'),(9,'22277905','{\"firstName\":\"Mukesh\",\"lastName\":\"Swami\",\"emailId\":\"swamigroup2015@gmail.com\",\"mobileno\":\"9602646089\",\"pinCode\":\"322023\",\"city\":\"Jaipur\",\"state\":\"Rajasthan\",\"address\":\"Govind bhawan\",\"productName\":\"CAM\",\"amount\":10.0,\"txnId\":\"22277905\",\"hash\":\"3dff1cf5b3e5fc9025bf5b32a59f416b600132ad7319c8587b5eed2b3be07e47bc0f26913c11a1ff96a3fbc8aaeaf8080746bed47d0fa3fadae89d6680cba458\",\"successUrl\":\"http://localhost:8080/chargenmarch/payment/paymentResponse\",\"failureUrl\":\"http://localhost:8080/chargenmarch/payment/paymentResponse\",\"cancelUrl\":\"http://localhost:8080/chargenmarch/payment/paymentResponse\",\"errorStringList\":[],\"status\":\"PENDING\",\"productId\":1,\"pgType\":\"PayU\",\"paymentGateWayInfo\":{\"url\":\"https://test.payu.in/_payment\",\"merchantId\":\"gtKFFx\",\"salt\":\"eCwWELxi\"},\"discount\":0.0,\"orderId\":\"77905\",\"leadId\":0}','{\"firstName\":\"Mukesh\",\"lastName\":\"\",\"emailId\":\"swamigroup2015@gmail.com\",\"mobileno\":\"9602646089\",\"pinCode\":\"\",\"city\":\"\",\"state\":\"success\",\"address\":\"\",\"productName\":\"CAM\",\"amount\":10.0,\"txnId\":\"22277905\",\"hash\":\"6d577367256fe800e3b5f8bbe03a27ed167f3445f008ad2378bc768209546536a69a838c537b18aa2695fbbedb50a8f371eb177e47e2ba1d030f1f585a07b5b6\",\"successUrl\":\"http://localhost:8080/chargenmarch/mobile/recharge\",\"failureUrl\":\"http://localhost:8080/chargenmarch/mobile/recharge\",\"cancelUrl\":\"http://localhost:8080/chargenmarch/mobile/recharge\",\"errorStringList\":[],\"status\":\"success\",\"productId\":1,\"pgType\":\"PayU\",\"productInfo\":{\"id\":1,\"productName\":\"CAM\",\"merchantId\":\"gtKFFx\",\"salt\":\"eCwWELxi\",\"paymentGateWay\":\"PayU\",\"surl\":\"mobile/recharge\",\"furl\":\"mobile/recharge\",\"curl\":\"mobile/recharge\",\"receiverEmailId\":\"mukesh.swami@gmail.com\",\"recipient\":\"mukes@gmail.com\",\"isSendMail\":\"false\",\"isRequiredResponse\":true,\"orderprefix\":\"222\",\"pgUrl\":\"https://test.payu.in/_payment\",\"paymentGateWayInfo\":{\"url\":\"https://test.payu.in/_payment\",\"merchantId\":\"gtKFFx\",\"salt\":\"eCwWELxi\"}},\"mihpayid\":\"403993715513674678\",\"mode\":\"CC\",\"Error\":\"E000\",\"bankcode\":\"CC\",\"PG_TYPE\":\"HDFCPG\",\"bank_ref_num\":\"3684100530052851\",\"shipping_firstname\":\"\",\"shipping_lastname\":\"\",\"shipping_address1\":\"\",\"shipping_address2\":\"\",\"shipping_city\":\"\",\"shipping_state\":\"\",\"shipping_country\":\"\",\"shipping_zipcode\":\"\",\"shipping_phone\":\"\",\"unmappedstatus\":\"captured\",\"discount\":0.0,\"offer\":\"\",\"responsejson\":\"{\\\"firstName\\\":\\\"Mukesh\\\",\\\"lastName\\\":\\\"\\\",\\\"emailId\\\":\\\"swamigroup2015@gmail.com\\\",\\\"mobileno\\\":\\\"9602646089\\\",\\\"pinCode\\\":\\\"\\\",\\\"city\\\":\\\"\\\",\\\"state\\\":\\\"success\\\",\\\"address\\\":\\\"\\\",\\\"productName\\\":\\\"CAM\\\",\\\"amount\\\":10.0,\\\"txnId\\\":\\\"22277905\\\",\\\"hash\\\":\\\"6d577367256fe800e3b5f8bbe03a27ed167f3445f008ad2378bc768209546536a69a838c537b18aa2695fbbedb50a8f371eb177e47e2ba1d030f1f585a07b5b6\\\",\\\"errorStringList\\\":[],\\\"status\\\":\\\"success\\\",\\\"productId\\\":0,\\\"pgType\\\":\\\"PayU\\\",\\\"mihpayid\\\":\\\"403993715513674678\\\",\\\"mode\\\":\\\"CC\\\",\\\"Error\\\":\\\"E000\\\",\\\"bankcode\\\":\\\"CC\\\",\\\"PG_TYPE\\\":\\\"HDFCPG\\\",\\\"bank_ref_num\\\":\\\"3684100530052851\\\",\\\"shipping_firstname\\\":\\\"\\\",\\\"shipping_lastname\\\":\\\"\\\",\\\"shipping_address1\\\":\\\"\\\",\\\"shipping_address2\\\":\\\"\\\",\\\"shipping_city\\\":\\\"\\\",\\\"shipping_state\\\":\\\"\\\",\\\"shipping_country\\\":\\\"\\\",\\\"shipping_zipcode\\\":\\\"\\\",\\\"shipping_phone\\\":\\\"\\\",\\\"unmappedstatus\\\":\\\"captured\\\",\\\"discount\\\":0.0,\\\"offer\\\":\\\"\\\",\\\"leadId\\\":0}\",\"orderId\":\"77905\",\"leadId\":0}','2015-10-12 00:52:47','2015-10-12 00:53:35'),(10,'CAM1','{\"firstName\":\"Mukesh\",\"lastName\":\"Swami\",\"emailId\":\"swamigroup2015@gmail.com\",\"mobileno\":\"9602646089\",\"pinCode\":\"322023\",\"city\":\"Jaipur\",\"state\":\"Rajasthan\",\"address\":\"Govind bhawan\",\"productName\":\"chargenmarch\",\"amount\":10.0,\"txnId\":\"CAM1\",\"hash\":\"e7854dfb2aea16afd95ebddc6a90e4076a063e58752a652085284eadbc89237bd63ddf8251fcfd1c55d424d4c51ec989334987b94d28d26ab5dc0f8de8dcba30\",\"successUrl\":\"http://localhost:8080/chargenmarch/payment/paymentResponse\",\"failureUrl\":\"http://localhost:8080/chargenmarch/payment/paymentResponse\",\"cancelUrl\":\"http://localhost:8080/chargenmarch/payment/paymentResponse\",\"errorStringList\":[],\"status\":\"PENDING\",\"productId\":2,\"pgType\":\"PayU\",\"paymentGateWayInfo\":{\"url\":\"https://secure.payu.in/_payment\",\"merchantId\":\"qEkoZO\",\"salt\":\"P9kxH4Jb\"},\"discount\":0.0,\"orderId\":\"1\",\"leadId\":0}',NULL,'2015-10-13 22:41:33','2015-10-13 22:41:33'),(11,'CAM2','{\"firstName\":\"Mukesh\",\"lastName\":\"Swami\",\"emailId\":\"swamigroup2015@gmail.com\",\"mobileno\":\"9602646089\",\"pinCode\":\"322023\",\"city\":\"Jaipur\",\"state\":\"Rajasthan\",\"address\":\"Govind bhawan\",\"productName\":\"chargenmarch\",\"amount\":10.0,\"txnId\":\"CAM2\",\"hash\":\"7e43d80fa740ab8e9d296f790b4db010969d14d5385a41beeb158c6243a28be03c43b457c79d01edabc06b1b2390e067ae870f6cc6c73949f60df0b49a8a9dc4\",\"successUrl\":\"http://localhost:8080/chargenmarch/payment/paymentResponse\",\"failureUrl\":\"http://localhost:8080/chargenmarch/payment/paymentResponse\",\"cancelUrl\":\"http://localhost:8080/chargenmarch/payment/paymentResponse\",\"errorStringList\":[],\"status\":\"PENDING\",\"productId\":2,\"pgType\":\"PayU\",\"paymentGateWayInfo\":{\"url\":\"https://secure.payu.in/_payment\",\"merchantId\":\"qEkoZO\",\"salt\":\"P9kxH4Jb\"},\"discount\":0.0,\"orderId\":\"2\",\"leadId\":0}','{\"firstName\":\"Mukesh\",\"lastName\":\"\",\"emailId\":\"swamigroup2015@gmail.com\",\"mobileno\":\"9602646089\",\"pinCode\":\"\",\"city\":\"\",\"state\":\"success\",\"address\":\"\",\"productName\":\"chargenmarch\",\"amount\":10.0,\"txnId\":\"CAM2\",\"hash\":\"ca6a3ac3391651dbc742d5e74efce4ec37493504e2bab6b9ce552be2061afcbb2bdce48967e6c5dd3500d2765d44e9d4b4686eff8b2c2e7221c58026c85d005b\",\"successUrl\":\"http://localhost:8080/chargenmarch/mobile/recharge\",\"failureUrl\":\"http://localhost:8080/chargenmarch/mobile/recharge\",\"cancelUrl\":\"http://localhost:8080/chargenmarch/mobile/recharge\",\"errorStringList\":[],\"status\":\"success\",\"productId\":2,\"pgType\":\"PayU\",\"productInfo\":{\"id\":2,\"productName\":\"chargenmarch\",\"merchantId\":\"qEkoZO\",\"salt\":\"P9kxH4Jb\",\"paymentGateWay\":\"PayU\",\"surl\":\"mobile/recharge\",\"furl\":\"mobile/recharge\",\"curl\":\"mobile/recharge\",\"receiverEmailId\":\"care@chargenmarch.com\",\"recipient\":\"mukesh@chargenmarch.com\",\"isSendMail\":\"0\",\"isRequiredResponse\":true,\"orderprefix\":\"CAM\",\"pgUrl\":\"https://secure.payu.in/_payment\",\"paymentGateWayInfo\":{\"url\":\"https://secure.payu.in/_payment\",\"merchantId\":\"qEkoZO\",\"salt\":\"P9kxH4Jb\"}},\"mihpayid\":\"439490658\",\"mode\":\"DC\",\"Error\":\"E000\",\"bankcode\":\"VISA\",\"PG_TYPE\":\"INDUS\",\"bank_ref_num\":\"000581480710\",\"shipping_firstname\":\"\",\"shipping_lastname\":\"\",\"shipping_address1\":\"\",\"shipping_address2\":\"\",\"shipping_city\":\"\",\"shipping_state\":\"\",\"shipping_country\":\"\",\"shipping_zipcode\":\"\",\"shipping_phone\":\"\",\"unmappedstatus\":\"captured\",\"discount\":0.0,\"offer\":\"\",\"responsejson\":\"{\\\"firstName\\\":\\\"Mukesh\\\",\\\"lastName\\\":\\\"\\\",\\\"emailId\\\":\\\"swamigroup2015@gmail.com\\\",\\\"mobileno\\\":\\\"9602646089\\\",\\\"pinCode\\\":\\\"\\\",\\\"city\\\":\\\"\\\",\\\"state\\\":\\\"success\\\",\\\"address\\\":\\\"\\\",\\\"productName\\\":\\\"chargenmarch\\\",\\\"amount\\\":10.0,\\\"txnId\\\":\\\"CAM2\\\",\\\"hash\\\":\\\"ca6a3ac3391651dbc742d5e74efce4ec37493504e2bab6b9ce552be2061afcbb2bdce48967e6c5dd3500d2765d44e9d4b4686eff8b2c2e7221c58026c85d005b\\\",\\\"errorStringList\\\":[],\\\"status\\\":\\\"success\\\",\\\"productId\\\":0,\\\"pgType\\\":\\\"PayU\\\",\\\"mihpayid\\\":\\\"439490658\\\",\\\"mode\\\":\\\"DC\\\",\\\"Error\\\":\\\"E000\\\",\\\"bankcode\\\":\\\"VISA\\\",\\\"PG_TYPE\\\":\\\"INDUS\\\",\\\"bank_ref_num\\\":\\\"000581480710\\\",\\\"shipping_firstname\\\":\\\"\\\",\\\"shipping_lastname\\\":\\\"\\\",\\\"shipping_address1\\\":\\\"\\\",\\\"shipping_address2\\\":\\\"\\\",\\\"shipping_city\\\":\\\"\\\",\\\"shipping_state\\\":\\\"\\\",\\\"shipping_country\\\":\\\"\\\",\\\"shipping_zipcode\\\":\\\"\\\",\\\"shipping_phone\\\":\\\"\\\",\\\"unmappedstatus\\\":\\\"captured\\\",\\\"discount\\\":0.0,\\\"offer\\\":\\\"\\\",\\\"leadId\\\":0}\",\"orderId\":\"2\",\"leadId\":0}','2015-10-13 23:36:14','2015-10-13 23:38:52');
/*!40000 ALTER TABLE `payment_logs` ENABLE KEYS */;
UNLOCK TABLES;

--
-- Table structure for table `payment_order`
--

DROP TABLE IF EXISTS `payment_order`;
/*!40101 SET @saved_cs_client     = @@character_set_client */;
/*!40101 SET character_set_client = utf8 */;
CREATE TABLE `payment_order` (
  `id` int(11) NOT NULL AUTO_INCREMENT,
  `productId` int(11) DEFAULT NULL,
  `orderId` int(11) DEFAULT NULL,
  `amount` float DEFAULT NULL,
  `firstName` varchar(50) DEFAULT NULL,
  `lastName` varchar(50) DEFAULT NULL,
  `emailId` varchar(50) DEFAULT NULL,
  `mobileNo` varchar(50) DEFAULT NULL,
  `pincode` varchar(6) DEFAULT NULL,
  `city` varchar(20) DEFAULT NULL,
  `state` varchar(20) DEFAULT NULL,
  `address` varchar(100) DEFAULT NULL,
  `status` varchar(20) DEFAULT NULL,
  `mode` varchar(10) DEFAULT NULL,
  `offer` varchar(20) DEFAULT NULL,
  `bankcode` varchar(20) DEFAULT NULL,
  `pgType` varchar(20) DEFAULT NULL,
  `bankRefNum` varchar(20) DEFAULT NULL,
  `shippingFirstname` varchar(50) DEFAULT NULL,
  `shippingLastname` varchar(50) DEFAULT NULL,
  `shippingAddress1` varchar(100) DEFAULT NULL,
  `shippingAddress2` varchar(100) DEFAULT NULL,
  `shippingCity` varchar(20) DEFAULT NULL,
  `shippingState` varchar(20) DEFAULT NULL,
  `shippingCountry` varchar(20) DEFAULT NULL,
  `shippingZipcode` varchar(6) DEFAULT NULL,
  `shippingPhone` varchar(20) DEFAULT NULL,
  `insertTimestamp` datetime NOT NULL,
  `updateTimestamp` datetime NOT NULL,
  `mihpayId` varchar(50) DEFAULT NULL,
  `discount` float DEFAULT NULL,
  `error` varchar(50) DEFAULT NULL,
  `hash` varchar(500) DEFAULT NULL,
  PRIMARY KEY (`id`)
) ENGINE=InnoDB AUTO_INCREMENT=13 DEFAULT CHARSET=latin1;
/*!40101 SET character_set_client = @saved_cs_client */;

--
-- Dumping data for table `payment_order`
--

LOCK TABLES `payment_order` WRITE;
/*!40000 ALTER TABLE `payment_order` DISABLE KEYS */;
INSERT INTO `payment_order` VALUES (1,1,77897,10,NULL,NULL,NULL,NULL,NULL,NULL,NULL,NULL,NULL,NULL,NULL,NULL,NULL,NULL,NULL,NULL,NULL,NULL,NULL,NULL,NULL,NULL,NULL,'0000-00-00 00:00:00','0000-00-00 00:00:00',NULL,NULL,NULL,NULL),(2,1,77898,10,'Mukesh','Swami','swamigroup2015@gmail.com','9602646089','322023','Jaipur','Rajasthan','Govind bhawan','PENDING',NULL,NULL,NULL,NULL,NULL,NULL,NULL,NULL,NULL,NULL,NULL,NULL,NULL,NULL,'2015-10-11 18:15:27','2015-10-11 18:15:27',NULL,NULL,NULL,NULL),(3,1,77899,10,'Mukesh','Swami','swamigroup2015@gmail.com','9602646089','322023','Jaipur','Rajasthan','Govind bhawan','PENDING',NULL,NULL,NULL,NULL,NULL,NULL,NULL,NULL,NULL,NULL,NULL,NULL,NULL,NULL,'2015-10-11 19:02:36','2015-10-11 19:02:36',NULL,NULL,NULL,NULL),(4,1,77900,10,'Mukesh','Swami','swamigroup2015@gmail.com','9602646089','322023','Jaipur','Rajasthan','Govind bhawan','success','CC','','CC','HDFCPG','9772397131952841','','','','','','','','','','2015-10-11 19:12:58','2015-10-11 19:14:06','403993715513674479',0,'E000','a50cdb6ce2a2f596bbbaff6939cc53522a4bea2ffbdb80d83ea69937848d6b16bb11b553dc4d129d50f4680d50411882663844426b5e2eb05a2a5f17dcebd87a'),(5,1,77901,10,'Mukesh','Swami','swamigroup2015@gmail.com','9602646089','322023','Jaipur','Rajasthan','Govind bhawan','success','CC','','CC','HDFCPG','4186798181952841','','','','','','','','','','2015-10-11 19:17:30','2015-10-11 19:18:34','403993715513674481',0,'E000','f0f8d6bf266114ca6a421224e4df6281a6388cb729f0e290bffd60769d85a715ce5e3d8452a8c79da3fb4523a5b48d3e50294a369068daa0e00a0bc028514570'),(6,1,77902,10,'Mukesh','Swami','swamigroup2015@gmail.com','9602646089','322023','Jaipur','Rajasthan','Govind bhawan','success','CC','','CC','HDFCPG','3807211301952841','','','','','','','','','','2015-10-11 19:29:05','2015-10-11 19:30:35','403993715513674488',0,'E000','5945f23a3de162bef20f223407faa96f3d32a808d9598ea5749f812361001a2f411bd89307c1be3c4cfc3ee52b740fb5a6513216c5600f2ac17f38b97da8e591'),(7,1,77903,10,'Mukesh','Swami','swamigroup2015@gmail.com','9602646089','322023','Jaipur','Rajasthan','Govind bhawan','success','CC','','CC','HDFCPG','2031480462252841','','','','','','','','','','2015-10-11 22:45:44','2015-10-11 22:46:36','403993715513674603',0,'E000','76f8ac1f410f560faddd2c059d2ae3e0617bcdf61917bdd08319b4260dea7e2d9e6abf8a274af9a91ed238417ddd06f91128eb54440e077cbe41f3df57367db5'),(8,2,0,10,'Mukesh','Swami','swamigroup2015@gmail.com','9602646089','322023','Jaipur','Rajasthan','Govind bhawan','PENDING',NULL,NULL,NULL,NULL,NULL,NULL,NULL,NULL,NULL,NULL,NULL,NULL,NULL,NULL,'2015-10-11 22:57:59','2015-10-11 22:57:59',NULL,NULL,NULL,NULL),(9,1,77904,10,'Mukesh','Swami','swamigroup2015@gmail.com','9602646089','322023','Jaipur','Rajasthan','Govind bhawan','PENDING',NULL,NULL,NULL,NULL,NULL,NULL,NULL,NULL,NULL,NULL,NULL,NULL,NULL,NULL,'2015-10-12 00:42:38','2015-10-12 00:42:38',NULL,NULL,NULL,NULL),(10,1,77905,10,'Mukesh','Swami','swamigroup2015@gmail.com','9602646089','322023','Jaipur','Rajasthan','Govind bhawan','success','CC','','CC','HDFCPG','3684100530052851','','','','','','','','','','2015-10-12 00:52:47','2015-10-12 00:53:35','403993715513674678',0,'E000','6d577367256fe800e3b5f8bbe03a27ed167f3445f008ad2378bc768209546536a69a838c537b18aa2695fbbedb50a8f371eb177e47e2ba1d030f1f585a07b5b6'),(11,2,1,10,'Mukesh','Swami','swamigroup2015@gmail.com','9602646089','322023','Jaipur','Rajasthan','Govind bhawan','PENDING',NULL,NULL,NULL,NULL,NULL,NULL,NULL,NULL,NULL,NULL,NULL,NULL,NULL,NULL,'2015-10-13 22:41:33','2015-10-13 22:41:33',NULL,NULL,NULL,NULL),(12,2,2,10,'Mukesh','Swami','swamigroup2015@gmail.com','9602646089','322023','Jaipur','Rajasthan','Govind bhawan','success','DC','','VISA','INDUS','000581480710','','','','','','','','','','2015-10-13 23:36:14','2015-10-13 23:38:52','439490658',0,'E000','ca6a3ac3391651dbc742d5e74efce4ec37493504e2bab6b9ce552be2061afcbb2bdce48967e6c5dd3500d2765d44e9d4b4686eff8b2c2e7221c58026c85d005b');
/*!40000 ALTER TABLE `payment_order` ENABLE KEYS */;
UNLOCK TABLES;

--
-- Table structure for table `product`
--

DROP TABLE IF EXISTS `product`;
/*!40101 SET @saved_cs_client     = @@character_set_client */;
/*!40101 SET character_set_client = utf8 */;
CREATE TABLE `product` (
  `id` int(11) NOT NULL AUTO_INCREMENT,
  `productName` varchar(20) DEFAULT NULL,
  `merchantId` varchar(25) DEFAULT NULL,
  `salt` varchar(25) DEFAULT NULL,
  `paymentGateWay` varchar(20) DEFAULT NULL,
  `surl` varchar(200) DEFAULT NULL,
  `furl` varchar(200) DEFAULT NULL,
  `curl` varchar(200) DEFAULT NULL,
  `receiverEmailId` varchar(50) DEFAULT NULL,
  `recipient` varchar(500) DEFAULT NULL,
  `isSendMail` varchar(10) DEFAULT NULL,
  `isRequiredResponse` tinyint(1) DEFAULT '0',
  `orderprefix` varchar(20) DEFAULT NULL,
  `pgUrl` varchar(100) NOT NULL,
  PRIMARY KEY (`id`)
) ENGINE=InnoDB AUTO_INCREMENT=3 DEFAULT CHARSET=latin1;
/*!40101 SET character_set_client = @saved_cs_client */;

--
-- Dumping data for table `product`
--

LOCK TABLES `product` WRITE;
/*!40000 ALTER TABLE `product` DISABLE KEYS */;
INSERT INTO `product` VALUES (1,'CAM','gtKFFx','eCwWELxi','PayU','mobile/recharge','mobile/recharge','mobile/recharge','mukesh.swami@gmail.com','mukes@gmail.com','false',1,'222','https://test.payu.in/_payment'),(2,'chargenmarch','qEkoZO','P9kxH4Jb','PayU','mobile/recharge','mobile/recharge','mobile/recharge','care@chargenmarch.com','mukesh@chargenmarch.com','0',1,'CAM','https://secure.payu.in/_payment');
/*!40000 ALTER TABLE `product` ENABLE KEYS */;
UNLOCK TABLES;

--
-- Table structure for table `reedom_rewards_point_logs`
--

DROP TABLE IF EXISTS `reedom_rewards_point_logs`;
/*!40101 SET @saved_cs_client     = @@character_set_client */;
/*!40101 SET character_set_client = utf8 */;
CREATE TABLE `reedom_rewards_point_logs` (
  `id` int(11) NOT NULL AUTO_INCREMENT,
  `chargers_id` int(11) DEFAULT NULL,
  `rewardsPoint` int(11) DEFAULT NULL,
  `rewardsPoint_value` int(11) DEFAULT NULL,
  `inserttimestamp` timestamp NOT NULL DEFAULT CURRENT_TIMESTAMP ON UPDATE CURRENT_TIMESTAMP,
  `updatetimestamp` timestamp NOT NULL DEFAULT '0000-00-00 00:00:00',
  PRIMARY KEY (`id`)
) ENGINE=InnoDB AUTO_INCREMENT=13 DEFAULT CHARSET=latin1;
/*!40101 SET character_set_client = @saved_cs_client */;

--
-- Dumping data for table `reedom_rewards_point_logs`
--

LOCK TABLES `reedom_rewards_point_logs` WRITE;
/*!40000 ALTER TABLE `reedom_rewards_point_logs` DISABLE KEYS */;
INSERT INTO `reedom_rewards_point_logs` VALUES (12,1,10,1,'2015-10-17 11:14:52','0000-00-00 00:00:00');
/*!40000 ALTER TABLE `reedom_rewards_point_logs` ENABLE KEYS */;
UNLOCK TABLES;

--
-- Table structure for table `rewards_point`
--

DROP TABLE IF EXISTS `rewards_point`;
/*!40101 SET @saved_cs_client     = @@character_set_client */;
/*!40101 SET character_set_client = utf8 */;
CREATE TABLE `rewards_point` (
  `id` int(11) NOT NULL AUTO_INCREMENT,
  `chargers_id` int(11) DEFAULT NULL,
  `rewardsPoint` int(11) DEFAULT NULL,
  `inserttimestamp` timestamp NOT NULL DEFAULT CURRENT_TIMESTAMP ON UPDATE CURRENT_TIMESTAMP,
  `updatetimestamp` timestamp NOT NULL DEFAULT '0000-00-00 00:00:00',
  PRIMARY KEY (`id`)
) ENGINE=InnoDB AUTO_INCREMENT=17 DEFAULT CHARSET=latin1;
/*!40101 SET character_set_client = @saved_cs_client */;

--
-- Dumping data for table `rewards_point`
--

LOCK TABLES `rewards_point` WRITE;
/*!40000 ALTER TABLE `rewards_point` DISABLE KEYS */;
INSERT INTO `rewards_point` VALUES (16,1,5,'2015-10-17 11:15:21','2015-10-17 11:15:21');
/*!40000 ALTER TABLE `rewards_point` ENABLE KEYS */;
UNLOCK TABLES;

--
-- Table structure for table `rewards_point_logs`
--

DROP TABLE IF EXISTS `rewards_point_logs`;
/*!40101 SET @saved_cs_client     = @@character_set_client */;
/*!40101 SET character_set_client = utf8 */;
CREATE TABLE `rewards_point_logs` (
  `id` int(11) NOT NULL AUTO_INCREMENT,
  `rewards_point_id` int(11) DEFAULT NULL,
  `recharge_amount` int(11) DEFAULT NULL,
  `rewardsPoint` int(11) DEFAULT NULL,
  `inserttimestamp` timestamp NOT NULL DEFAULT CURRENT_TIMESTAMP ON UPDATE CURRENT_TIMESTAMP,
  `updatetimestamp` timestamp NOT NULL DEFAULT '0000-00-00 00:00:00',
  PRIMARY KEY (`id`)
) ENGINE=InnoDB AUTO_INCREMENT=20 DEFAULT CHARSET=latin1;
/*!40101 SET character_set_client = @saved_cs_client */;

--
-- Dumping data for table `rewards_point_logs`
--

LOCK TABLES `rewards_point_logs` WRITE;
/*!40000 ALTER TABLE `rewards_point_logs` DISABLE KEYS */;
INSERT INTO `rewards_point_logs` VALUES (17,16,50,5,'2015-10-17 11:14:42','0000-00-00 00:00:00'),(18,16,50,5,'2015-10-17 11:14:52','0000-00-00 00:00:00'),(19,16,50,5,'2015-10-17 11:15:21','0000-00-00 00:00:00');
/*!40000 ALTER TABLE `rewards_point_logs` ENABLE KEYS */;
UNLOCK TABLES;
/*!40103 SET TIME_ZONE=@OLD_TIME_ZONE */;

/*!40101 SET SQL_MODE=@OLD_SQL_MODE */;
/*!40014 SET FOREIGN_KEY_CHECKS=@OLD_FOREIGN_KEY_CHECKS */;
/*!40014 SET UNIQUE_CHECKS=@OLD_UNIQUE_CHECKS */;
/*!40101 SET CHARACTER_SET_CLIENT=@OLD_CHARACTER_SET_CLIENT */;
/*!40101 SET CHARACTER_SET_RESULTS=@OLD_CHARACTER_SET_RESULTS */;
/*!40101 SET COLLATION_CONNECTION=@OLD_COLLATION_CONNECTION */;
/*!40111 SET SQL_NOTES=@OLD_SQL_NOTES */;

-- Dump completed on 2015-10-17 16:49:48
